{
  "engine": "cairn",
  "queries": 10000,
  "errors": 0,
  "total_seconds": 239.480103,
  "rps": 41.75712251134283,
  "latency_ms": {
    "p50": 0.5730000000000001,
    "p90": 0.809,
    "p95": 1.075,
    "p99": 2.352,
    "max": 6.044,
    "mean": 0.654273
  },
  "rss_bytes": {
    "cold": 74252288,
    "hot": 359497728
  },
  "disk_bytes": 1543831552
}
