{
  "engine": "cairn",
  "queries": 6408,
  "errors": 0,
  "total_seconds": 160.370057,
  "rps": 39.957583852451954,
  "latency_ms": {
    "p50": 0.6759999999999999,
    "p90": 0.967,
    "p95": 1.0759999999999998,
    "p99": 1.3190000000000002,
    "max": 6.567,
    "mean": 0.7304480337078652
  },
  "rss_bytes": {
    "cold": 38027264,
    "hot": 102170624
  },
  "disk_bytes": 222318592
}
