{
  "engine": "cairn",
  "queries": 6408,
  "errors": 0,
  "total_seconds": 166.23455,
  "rps": 38.54794325247068,
  "latency_ms": {
    "p50": 0.5109999999999999,
    "p90": 0.5900000000000001,
    "p95": 0.627,
    "p99": 0.736,
    "max": 4.902,
    "mean": 0.5224703495630462
  },
  "rss_bytes": {
    "cold": 25690112,
    "hot": 79921152
  },
  "disk_bytes": 204963840
}
