{
  "engine": "pelias",
  "queries": 6408,
  "errors": 0,
  "total_seconds": 295.046232,
  "rps": 21.718630184031635,
  "latency_ms": {
    "p50": 13.757,
    "p90": 27.167,
    "p95": 34.410000000000004,
    "p99": 57.226,
    "max": 162.1,
    "mean": 15.908207553058675
  },
  "rss_bytes": {
    "cold": 2934691594,
    "hot": 2934691594
  },
  "disk_bytes": 3734021079,
  "import_seconds": 226
}