{
  "engine": "photon",
  "queries": 6408,
  "errors": 0,
  "total_seconds": 196.404934,
  "rps": 32.626471593631145,
  "latency_ms": {
    "p50": 5.879,
    "p90": 12.135,
    "p95": 15.261999999999999,
    "p99": 25.182,
    "max": 76.528,
    "mean": 7.207206304619225
  },
  "rss_bytes": {
    "cold": 2219424350,
    "hot": 2219424350
  },
  "disk_bytes": 1287630848,
  "import_seconds": 121
}